"date","name","headliners","features"
"1985-03-31","WrestleMania","hulk-hogan-19, mr-t-20, paul-orndorff-22, roddy-piper-21","wendi-richter-17, leilani-kai-18, andre-the-giant-15, big-john-studd-16, nikolai-volkoff-11, the-iron-sheik-12, barry-windham-14, mike-rotundo-13, the-junkyard-dog-9, greg-valentine-10"
"1985-11-07","The Wrestling Classic","the-junkyard-dog-9, randy-savage-27","hulk-hogan-19, roddy-piper-21"
"1986-04-07","WrestleMania 2","hulk-hogan-19, king-kong-bundy-3","andre-the-giant-15, b-brian-blair-49, big-john-studd-16, bill-fralic-51, bret-hart-52, bruno-sammartino-55, dan-spivey-45, ernie-holmes-48, harvey-martin-44, hillbilly-jim-46, jim-brunzell-50, jim-neidhart-53, jimbo-covert-40, haku-47, pedro-morales-41, russ-francis-54, ted-arcidi-43, the-iron-sheik-12, tony-atlas-42, william-perry-56, mr-t-20, roddy-piper-21"
"1987-03-29","WrestleMania III","hulk-hogan-19, andre-the-giant-15",""
"1987-11-26","Survivor Series '87","andre-the-giant-15, butch-reed-71, king-kong-bundy-3, one-man-gang-85, rick-rude-87, bam-bam-bigelow-86, don-muraco-32, hulk-hogan-19, ken-patera-77, paul-orndorff-22","b-brian-blair-49, davey-boy-smith-29, dynamite-kid-26, jacques-rougeau-jr-68, jim-brunzell-50, jim-powers-76, paul-roma-78, raymond-rougeau-69, rick-martel-60, tito-santana-1, bill-eadie-91, boris-zhukov-75, bret-hart-52, dino-bravo-84, greg-valentine-10, haku-47, jim-neidhart-53, nikolai-volkoff-11, barry-darsow-92, the-tonga-kid-89, itsuki-yamazaki-472, noriyo-tateno-471, rockin39-robin-115, the-fabulous-moolah-38, velvet-mcintyre-39, dawn-marie-474, donna-christanello-473, judy-martin-116, leilani-kai-18, sherri-martel-111, brutus-beefcake-8, jake-roberts-37, jim-duggan-83, randy-savage-27, ricky-steamboat-5, danny-davis-70, harley-race-67, ray-fernandez-57, honky-tonk-man-73, ron-bass-79"
"1988-03-27","WrestleMania IV","randy-savage-27, ted-dibiase-82","bill-eadie-91, barry-darsow-92, rick-martel-60, tito-santana-1"
"1988-08-29","SummerSlam '88","hulk-hogan-19, randy-savage-27, andre-the-giant-15, ted-dibiase-82",""
"1988-11-24","Survivor Series '88","ray-fernandez-57, hillbilly-jim-46, hulk-hogan-19, koko-b-ware-72, randy-savage-27, one-man-gang-85, big-boss-man-95, haku-47, ted-dibiase-82, terry-taylor-107","andre-the-giant-15, dino-bravo-84, harley-race-67, curt-hennig-100, rick-rude-87, jake-roberts-37, jim-duggan-83, ken-patera-77, scott-casey-477, tito-santana-1, bret-hart-52, davey-boy-smith-29, dynamite-kid-26, jim-neidhart-53, jim-powers-76, marty-jannetty-97, paul-roma-78, shawn-michaels-96, the-barbarian-93, the-warlord-94, arn-anderson-105, bill-eadie-91, boris-zhukov-75, jose-estrada-sr-476, jose-luis-rivera-475, jacques-rougeau-jr-68, nikolai-volkoff-11, raymond-rougeau-69, barry-darsow-92, tully-blanchard-106, brutus-beefcake-8, jim-brunzell-50, sam-houston-80, owen-hart-101, the-ultimate-warrior-88, bad-news-brown-74, danny-davis-70, greg-valentine-10, honky-tonk-man-73, ron-bass-79"
"1989-01-15","Royal Rumble '89","big-john-studd-16, one-man-gang-85, andre-the-giant-15, arn-anderson-105, bill-eadie-91, bad-news-brown-74, big-boss-man-95, brutus-beefcake-8, butch-miller-99, luke-williams-98, greg-valentine-10, ray-fernandez-57, honky-tonk-man-73, hulk-hogan-19, jake-roberts-37, koko-b-ware-72, marty-jannetty-97, curt-hennig-100, randy-savage-27, rick-martel-60, ron-bass-79, ron-garvin-104, shawn-michaels-96, barry-darsow-92, ted-dibiase-82, the-barbarian-93, terry-taylor-107, the-warlord-94, tito-santana-1, tully-blanchard-106",""
"1989-04-02","WrestleMania V","hulk-hogan-19, randy-savage-27",""
"1989-08-28","SummerSlam '89","brutus-beefcake-8, hulk-hogan-19, randy-savage-27, tiny-lister-117",""
"1989-11-23","Survivor Series '89","jim-neidhart-53, marty-jannetty-97, shawn-michaels-96, the-ultimate-warrior-88, andre-the-giant-15, arn-anderson-105, bobby-heenan-90, haku-47","jacques-rougeau-jr-68, curt-hennig-100, raymond-rougeau-69, rick-rude-87, butch-miller-99, luke-williams-98, jimmy-snuka-114, roddy-piper-21, bill-eadie-91, hulk-hogan-19, jake-roberts-37, barry-darsow-92, ted-dibiase-82, the-barbarian-93, the-warlord-94, tiny-lister-117, john-tenta-108, dino-bravo-84, greg-valentine-10, randy-savage-27, bret-hart-52, ray-fernandez-57, jim-duggan-83, ron-garvin-104, brutus-beefcake-8, dusty-rhodes-109, terry-taylor-107, tito-santana-1, bad-news-brown-74, big-boss-man-95, honky-tonk-man-73, rick-martel-60"
"1989-12-12","No Holds Barred: The Match/ The Movie Taping","brutus-beefcake-8, hulk-hogan-19, randy-savage-27, tiny-lister-117",""
"1990-01-21","Royal Rumble '90","hulk-hogan-19, one-man-gang-85, andre-the-giant-15, bill-eadie-91, bad-news-brown-74, bret-hart-52, dino-bravo-84, dusty-rhodes-109, john-tenta-108, haku-47, ray-fernandez-57, honky-tonk-man-73, jake-roberts-37, jim-neidhart-53, jimmy-snuka-114, koko-b-ware-72, marty-jannetty-97, curt-hennig-100, randy-savage-27, rick-martel-60, rick-rude-87, roddy-piper-21, shawn-michaels-96, barry-darsow-92, ted-dibiase-82, the-barbarian-93, terry-taylor-107, the-ultimate-warrior-88, the-warlord-94, tito-santana-1","ron-garvin-104, greg-valentine-10"
"1990-04-01","WrestleMania VI","the-ultimate-warrior-88, hulk-hogan-19","rick-rude-87, jimmy-snuka-114"
"1990-08-27","SummerSlam '90","the-ultimate-warrior-88, rick-rude-87",""
"1990-11-22","Survivor Series '90","hulk-hogan-19, the-ultimate-warrior-88, tito-santana-1, ray-fernandez-57, paul-roma-78, rick-martel-60, ted-dibiase-82, the-warlord-94","butch-miller-99, luke-williams-98, nikolai-volkoff-11, tito-santana-1, boris-zhukov-75, akio-sato-112, sergeant-slaughter-121, pat-tanaka-113, big-boss-man-95, hulk-hogan-19, jim-duggan-83, fred-ottman-130, dino-bravo-84, john-tenta-108, haku-47, the-barbarian-93, ray-fernandez-57, paul-roma-78, rick-martel-60, the-warlord-94, jake-roberts-37, jimmy-snuka-114, marty-jannetty-97, shawn-michaels-96, the-undertaker-124, greg-valentine-10, honky-tonk-man-73, ted-dibiase-82, bret-hart-52, dusty-rhodes-109, jim-neidhart-53, koko-b-ware-72, road-warrior-animal-127, road-warrior-hawk-125, kerry-von-erich-119, the-ultimate-warrior-88, bill-eadie-91, brian-adams-128, curt-hennig-100, barry-darsow-92"
"1991-01-19","Royal Rumble '91","hulk-hogan-19, road-warrior-animal-127, bret-hart-52, brian-knobbs-129, butch-miller-99, luke-williams-98, brian-adams-128, dino-bravo-84, john-tenta-108, greg-valentine-10, haku-47, road-warrior-hawk-125, ray-fernandez-57, jake-roberts-37, jim-duggan-83, jim-neidhart-53, jimmy-snuka-114, curt-hennig-100, paul-roma-78, randy-savage-27, rick-martel-60, tony-atlas-42, shane-douglas-126, barry-darsow-92, davey-boy-smith-29, kerry-von-erich-119, the-undertaker-124, the-warlord-94, tito-santana-1, fred-ottman-130",""
"1991-03-24","WrestleMania VII","hulk-hogan-19, sergeant-slaughter-121",""
"1991-08-26","SummerSlam '91","hulk-hogan-19, the-ultimate-warrior-88, the-iron-sheik-12, adnan-al-kaissie-134, sergeant-slaughter-121",""
"1991-11-27","Survivor Series '91","road-warrior-animal-127, big-boss-man-95, road-warrior-hawk-125, john-tenta-108, mike-rotundo-13, fred-ottman-130","wayne-bloom-137, mike-enos-136, brian-knobbs-129, jerry-sags-131, butch-miller-99, luke-williams-98, marty-jannetty-97, shawn-michaels-96, the-undertaker-124, hulk-hogan-19, tito-santana-1, jim-duggan-83, sergeant-slaughter-121, kerry-von-erich-119, the-iron-sheik-12, ray-fernandez-57, steve-keirn-135, john-nord-139, ric-flair-138, ted-dibiase-82, jacques-rougeau-jr-68, the-warlord-94, bret-hart-52, roddy-piper-21, davey-boy-smith-29, virgil-122, tatanka-141, paul-diamond-120"
"1991-12-03","This Tuesday in Texas","hulk-hogan-19, the-undertaker-124",""
"1992-01-19","Royal Rumble '92","ric-flair-138, big-boss-man-95, the-iron-sheik-12, tito-santana-1, greg-valentine-10, haku-47, ray-fernandez-57, hulk-hogan-19, mike-rotundo-13, jake-roberts-37, jerry-sags-131, jim-duggan-83, jimmy-snuka-114, nikolai-volkoff-11, randy-savage-27, barry-darsow-92, rick-martel-60, roddy-piper-21, sergeant-slaughter-121, shawn-michaels-96, sid-140, steve-keirn-135, ted-dibiase-82, the-barbarian-93, john-nord-139, davey-boy-smith-29, kerry-von-erich-119, the-undertaker-124, the-warlord-94, virgil-122","john-tenta-108, fred-ottman-130, road-warrior-animal-127, road-warrior-hawk-125"
"1992-04-05","WrestleMania VIII","hulk-hogan-19, sid-140",""
"1992-08-29","SummerSlam '92","davey-boy-smith-29, bret-hart-52",""
"1992-11-25","Survivor Series '92","bret-hart-52, shawn-michaels-96","the-undertaker-124, kamala-144, brian-knobbs-129, john-tenta-108, jerry-sags-131, fred-ottman-130, wayne-bloom-137, mike-enos-136, mike-rotundo-13, ted-dibiase-82"
"1993-01-24","Royal Rumble '93","yokozuna-148, bob-backlund-149, brian-knobbs-129, carlos-colon-155, phil-theis-153, john-tenta-108, tito-santana-1, rikishi-154, genichiro-tenryu-132, mike-rotundo-13, jerry-lawler-150, jerry-sags-131, koko-b-ware-72, paul-diamond-120, curt-hennig-100, owen-hart-101, the-godfather-142, randy-savage-27, barry-darsow-92, ric-flair-138, rick-martel-60, samu-152, steve-keirn-135, tatanka-141, ted-dibiase-82, terry-taylor-107, john-nord-139, the-undertaker-124, fred-ottman-130, virgil-122","bret-hart-52, scott-hall-147"
"1993-04-04","WrestleMania IX","hulk-hogan-19, yokozuna-148","yokozuna-148, bret-hart-52"
"1993-06-13","King of the Ring '93","bret-hart-52, bam-bam-bigelow-86","shawn-michaels-96, brian-adams-128, mike-barton-159, billy-gunn-158, rick-steiner-145, scott-steiner-146, rikishi-154, mike-rotundo-13, samu-152, ted-dibiase-82, yokozuna-148, hulk-hogan-19"
"1993-08-30","SummerSlam '93","lex-luger-156, yokozuna-148","mike-barton-159, billy-gunn-158, tatanka-141, bam-bam-bigelow-86, rikishi-154, samu-152, the-undertaker-124, jorge-gonzalez-157"
"1993-11-24","Survivor Series '93","lex-luger-156, rick-steiner-145, scott-steiner-146, the-undertaker-124, brian-adams-128, jacques-rougeau-jr-68, tony-halme-164, yokozuna-148","butch-miller-99, luke-williams-98, viscera-170, robert-horne-172, bam-bam-bigelow-86, mike-shaw-174, rikishi-154, samu-152, jimmy-del-ray-162, dr-tom-prichard-161, ricky-morton-259, robert-gibson-260, bret-hart-52, bruce-hart-478, keith-hart-479, owen-hart-101, shawn-michaels-96, jeff-gaylord-1079, greg-valentine-10, barry-horowitz-194, marty-jannetty-97, randy-savage-27, scott-hall-147, sean-waltman-163, bryan-clark-175, kevin-nash-167, mike-rotundo-13, rick-martel-60"
"1994-01-22","Royal Rumble '94","bret-hart-52, lex-luger-156, bryan-clark-175, bam-bam-bigelow-86, mike-barton-159, mike-shaw-174, billy-gunn-158, bob-backlund-149, brian-adams-128, kevin-nash-167, ray-apollo-169, rikishi-154, genichiro-tenryu-132, greg-valentine-10, jeff-jarrett-168, savio-vega-166, viscera-170, marty-jannetty-97, robert-horne-172, owen-hart-101, randy-savage-27, rick-martel-60, rick-steiner-145, samu-152, scott-steiner-146, shawn-michaels-96, bob-holly-171, tatanka-141, the-great-kabuki-173, virgil-122","yokozuna-148, the-undertaker-124, scott-hall-147, mike-rotundo-13, jacques-rougeau-jr-68, pco-165, bret-hart-52, owen-hart-101"
"1994-03-20","WrestleMania X","bret-hart-52, yokozuna-148","scott-hall-147, shawn-michaels-96"
"1994-06-19","King of the Ring '94","roddy-piper-21, jerry-lawler-150","owen-hart-101, scott-hall-147, rikishi-154, samu-152, brian-adams-128, yokozuna-148"
"1994-08-29","SummerSlam '94","the-undertaker-124, brian-lee-180","bret-hart-52, owen-hart-101"
"1994-11-23","Survivor Series '94","the-undertaker-124, yokozuna-148","bam-bam-bigelow-86, jimmy-del-ray-162, king-kong-bundy-3, tatanka-141, dr-tom-prichard-161, bryan-clark-175, mike-barton-159, billy-gunn-158, lex-luger-156, viscera-170, bob-backlund-149, bret-hart-52, cheesy-482, jerry-lawler-150, little-louie-3109, sleazy-480, claude-giroux-177, ray-apollo-169, pink-483, wink-484, rikishi-154, scott-hall-147, the-barbarian-93, sean-waltman-163, davey-boy-smith-29, kevin-nash-167, jeff-jarrett-168, jim-neidhart-53, owen-hart-101, shawn-michaels-96"
"1995-01-22","Royal Rumble '95","shawn-michaels-96, bryan-clark-175, justin-credible-186, mike-barton-159, billy-gunn-158, bob-backlund-149, butch-miller-99, luke-williams-98, brian-adams-128, dick-murdoch-189, ray-apollo-169, mike-droese-182, don-harris-181, rikishi-154, mark-canterbury-187, ron-harris-184, jimmy-del-ray-162, king-kong-bundy-3, savio-vega-166, lex-luger-156, viscera-170, mike-halac-185, robert-horne-172, owen-hart-101, rick-martel-60, the-barbarian-93, steve-doll-188, davey-boy-smith-29, timothy-well-183, dr-tom-prichard-161","bob-holly-171, sean-waltman-163, bam-bam-bigelow-86, tatanka-141, kevin-nash-167, bret-hart-52"
"1995-04-02","WrestleMania XI","lawrence-taylor-190, bam-bam-bigelow-86","kevin-nash-167, shawn-michaels-96, bret-hart-52, bob-backlund-149, owen-hart-101, yokozuna-148, mike-barton-159, billy-gunn-158, the-undertaker-124, king-kong-bundy-3, scott-hall-147, jeff-jarrett-168"
"1995-05-14","In Your House: Premiere","kevin-nash-167, sid-140",""
"1995-06-25","King of the Ring '95","bam-bam-bigelow-86, kevin-nash-167, sid-140, tatanka-141","viscera-170, savio-vega-166, bret-hart-52, jerry-lawler-150"
"1995-07-23","In Your House 2: The Lumberjacks","the-undertaker-124, the-godfather-142","bret-hart-52, pco-165, kevin-nash-167, sid-140, owen-hart-101, yokozuna-148, davey-boy-smith-29, lex-luger-156, shawn-michaels-96, jeff-jarrett-168"
"1995-08-27","SummerSlam '95","kevin-nash-167, viscera-170","shawn-michaels-96, scott-hall-147"
"1995-09-24","In Your House 3: Triple Header","kevin-nash-167, shawn-michaels-96, davey-boy-smith-29, yokozuna-148",""
"1995-10-22","In Your House 4: Great White North","davey-boy-smith-29, kevin-nash-167","scott-hall-147, shane-douglas-126, shane-douglas-126, shawn-michaels-96"
"1995-11-19","Survivor Series '95","bret-hart-52, kevin-nash-167","tony-norris-198, shawn-michaels-96, sid-140, davey-boy-smith-29, shane-douglas-126, owen-hart-101, scott-hall-147, yokozuna-148, rikishi-154, mark-canterbury-187, savio-vega-166, the-undertaker-124, triple-h-193, kane-197, jerry-lawler-150, viscera-170"
"1995-12-17","In Your House 5: Season's Beatings","bret-hart-52, davey-boy-smith-29","the-undertaker-124, viscera-170"
"1996-01-21","Royal Rumble '96","the-undertaker-124, bret-hart-52","shawn-michaels-96, justin-credible-186, barry-horowitz-194, bob-backlund-149, bob-holly-171, kevin-nash-167, dory-funk-jr-59, doug-gilbert-202, mike-droese-182, rikishi-154, jinsei-shinzaki-191, mark-canterbury-187, triple-h-193, kane-197, jake-roberts-37, jerry-lawler-150, the-godfather-142, viscera-170, marty-jannetty-97, owen-hart-101, savio-vega-166, headhunter-a-203, headhunter-b-204, takao-omori-200, tatanka-141, sean-waltman-163, davey-boy-smith-29, steve-austin-205, vader-201, yokozuna-148, dustin-rhodes-123, scott-hall-147, mike-barton-159, billy-gunn-158, chris-candido-195, dr-tom-prichard-161"
"1996-02-18","In Your House 6: Rage In The Cage","bret-hart-52, kevin-nash-167",""
"1996-03-31","WrestleMania XII","shawn-michaels-96, bret-hart-52","roddy-piper-21, dustin-rhodes-123"
"1996-04-28","In Your House 7: Good Friends, Better Enemies","shawn-michaels-96, kevin-nash-167","chris-candido-195, dr-tom-prichard-161, mark-canterbury-187, dennis-knight-206"
"1996-05-26","In Your House 8: Beware Of Dog (1)","the-ultimate-warrior-88, owen-hart-101","tony-norris-198, jerry-lawler-150, shawn-michaels-96, davey-boy-smith-29"
"1996-05-28","In Your House 8: Beware Of Dog (2)","dustin-rhodes-123, the-undertaker-124",""
"1996-06-23","King of the Ring '96","shawn-michaels-96, davey-boy-smith-29","steve-austin-205, jake-roberts-37, tony-norris-198, dustin-rhodes-123"
"1996-07-21","In Your House 9: International Incident","owen-hart-101, davey-boy-smith-29, vader-201, tony-norris-198, shawn-michaels-96, sid-140",""
"1996-08-18","SummerSlam '96","shawn-michaels-96, vader-201","mick-foley-209, the-undertaker-124, jerry-lawler-150, jake-roberts-37"
"1996-09-22","In Your House 10: Mind Games","shawn-michaels-96, mick-foley-209","the-undertaker-124, dustin-rhodes-123"
"1996-10-20","In Your House 11: Buried Alive","shawn-michaels-96, dustin-rhodes-123","mark-canterbury-187, dennis-knight-206, al-snow-210, marty-jannetty-97, the-undertaker-124, mick-foley-209"
"1996-11-17","Survivor Series '96","sid-140, shawn-michaels-96","kane-197, ron-simmons-218, rick-bogner-215, vader-201, scorpio-214, jimmy-snuka-114, savio-vega-166, yokozuna-148"
"1996-12-15","In Your House 12: It's Time","shawn-michaels-96, mick-foley-209","steve-austin-205, dustin-rhodes-123, brakkus-264, dr-tom-prichard-161, sid-140, bret-hart-52, the-undertaker-124, terry-gordy-217, marc-mero-208, triple-h-193, owen-hart-101, davey-boy-smith-29, kane-197, rick-bogner-215"
"1997-01-19","Royal Rumble '97","shawn-michaels-96, sid-140","steve-austin-205, tony-norris-198, mike-barton-159, bret-hart-52, cibernetico-227, brian-adams-128, kane-197, ron-simmons-218, scorpio-214, dustin-rhodes-123, mark-canterbury-187, triple-h-193, jake-roberts-37, jerry-lawler-150, road-dogg-192, latin-lover-228, mick-foley-209, marc-mero-208, mil-mascaras-226, owen-hart-101, dennis-knight-206, pierroth-jr-2463, rick-bogner-215, the-rock-229, savio-vega-166, terry-funk-31, davey-boy-smith-29, rikishi-154, the-undertaker-124, vader-201, el-canek-221, hector-garza-219, perro-aguayo-220, fuerza-guerrera-224, heavy-metal-223, jerry-estrada-222"
"1997-02-16","In Your House 13: Final Four","sid-140, bret-hart-52","bret-hart-52, steve-austin-205, the-undertaker-124, vader-201, doug-furnas-230, phil-lafon-231, owen-hart-101, davey-boy-smith-29, the-rock-229, triple-h-193, brian-adams-128, ron-simmons-218, savio-vega-166, mike-barton-159, scorpio-214, dustin-rhodes-123"
"1997-03-23","WrestleMania 13","the-undertaker-124, sid-140","tony-norris-198, road-warrior-animal-127, road-warrior-hawk-125, brian-adams-128, ron-simmons-218, savio-vega-166, bret-hart-52, steve-austin-205, owen-hart-101, davey-boy-smith-29, mick-foley-209, vader-201"
"1997-04-20","In Your House 14: Revenge Of The 'Taker","triple-h-193, dustin-rhodes-123","doug-furnas-230, phil-lafon-231, mark-canterbury-187, dennis-knight-206"
"1997-05-11","In Your House 15: A Cold Day In Hell","the-undertaker-124, steve-austin-205","ken-shamrock-234, vader-201"
"1997-06-08","King of the Ring '97","the-undertaker-124, ron-simmons-218",""
"1997-07-06","In Your House 16: Canadian Stampede","bret-hart-52, brian-pillman-237, jim-neidhart-53, owen-hart-101, davey-boy-smith-29, road-warrior-animal-127, dustin-rhodes-123, road-warrior-hawk-125, ken-shamrock-234, steve-austin-205","the-undertaker-124, vader-201"
"1997-08-03","SummerSlam '97","bret-hart-52, the-undertaker-124","steve-austin-205, owen-hart-101, jesus-castillo-240, jose-estrada-jr-239, miguel-perez-jr-238, savio-vega-166, don-harris-181, brian-lee-180, brian-adams-128, ron-harris-184, davey-boy-smith-29, ken-shamrock-234"
"1997-09-07","In Your House 17: Ground Zero","shawn-michaels-96, the-undertaker-124","bret-hart-52, del-wilkes-245, chaz-warrington-232, glen-ruth-233, road-warrior-animal-127, road-warrior-hawk-125, mark-canterbury-187, dennis-knight-206, owen-hart-101, davey-boy-smith-29"
"1997-10-05","In Your House 18: Badd Blood","shawn-michaels-96, the-undertaker-124","bret-hart-52, davey-boy-smith-29, del-wilkes-245, vader-201, don-harris-181, brian-lee-180, brian-adams-128, ron-harris-184, jesus-castillo-240, jose-estrada-jr-239, miguel-perez-jr-238, savio-vega-166, owen-hart-101, ron-simmons-218, mark-canterbury-187, dennis-knight-206, chaz-warrington-232, glen-ruth-233"
"1997-11-09","Survivor Series '97","shawn-michaels-96, bret-hart-52","steve-austin-205, owen-hart-101, tony-norris-198, road-warrior-animal-127, road-warrior-hawk-125, ken-shamrock-234, d-lo-brown-247, ron-simmons-218, the-godfather-142, the-rock-229"
"1997-12-07","In Your House 19: D-Generation X","ken-shamrock-234, shawn-michaels-96","steve-austin-205, the-rock-229"
"1998-01-18","Royal Rumble '98","shawn-michaels-96, the-undertaker-124","steve-austin-205, don-harris-181, tony-norris-198, john-bradshaw-layfield-207, mick-foley-209, terry-funk-31, brian-lee-180, d-lo-brown-247, mick-foley-209, ron-simmons-218, mark-canterbury-187, honky-tonk-man-73, jeff-jarrett-168, the-godfather-142, ken-shamrock-234, robert-maillet-255, mick-foley-209, marc-mero-208, mark-henry-213, chaz-warrington-232, owen-hart-101, dennis-knight-206, savio-vega-166, ron-harris-184, steve-blackman-254, dustin-rhodes-123, the-rock-229, glen-ruth-233, tom-brandi-253, vader-201, road-warrior-animal-127, road-warrior-hawk-125, billy-gunn-158, road-dogg-192, the-rock-229, ken-shamrock-234, tzuki-3764, mascarita-sagrada-original-243, octagoncito-638, piratita-morgan-911, espectrito-244, espectrito-ii-249"
"1998-02-15","No Way Out of Texas","mick-foley-209, terry-funk-31, owen-hart-101, steve-austin-205, billy-gunn-158, road-dogg-192, savio-vega-166, triple-h-193",""
"1998-03-29","WrestleMania XIV","steve-austin-205, shawn-michaels-96",""
"1998-04-26","Unforgiven '98","mick-foley-209, steve-austin-205","the-undertaker-124, kane-197, billy-gunn-158, road-dogg-192, road-warrior-animal-127, road-warrior-hawk-125, luna-vachon-176, sable-263, mike-barton-159, bob-holly-171, ricky-morton-259, robert-gibson-260, triple-h-193, owen-hart-101, ron-simmons-218, ken-shamrock-234, steve-blackman-254, d-lo-brown-247, mark-henry-213, the-rock-229"
"1998-05-31","Over the Edge '98","steve-austin-205, mick-foley-209","d-lo-brown-247, owen-hart-101, the-godfather-142, billy-gunn-158, road-dogg-192, triple-h-193, kane-197, vader-201, the-rock-229, ron-simmons-218, dick-togo-265, men39s-teioh-266, funaki-267, john-bradshaw-layfield-207, taka-michinoku-236"
"1998-06-28","King of the Ring '98","kane-197, steve-austin-205","the-undertaker-124, mick-foley-209, ken-shamrock-234, the-rock-229, billy-gunn-158, road-dogg-192, mike-barton-159, bob-holly-171"
"1998-07-26","Fully Loaded '98","steve-austin-205, the-undertaker-124, kane-197, mick-foley-209","jacqueline-moore-271, sable-263, the-rock-229, triple-h-193, owen-hart-101, ken-shamrock-234"
"1998-08-30","SummerSlam '98","steve-austin-205, the-undertaker-124","triple-h-193, the-rock-229, billy-gunn-158, road-dogg-192, mick-foley-209, ken-shamrock-234, owen-hart-101"
"1998-09-27","Breakdown","kane-197, the-undertaker-124, steve-austin-205","billy-gunn-158, road-dogg-192, sean-waltman-163, dennis-knight-206, jeff-jarrett-168, mark-canterbury-187"
"1998-10-18","Judgment Day '98","the-undertaker-124, kane-197",""
"1998-11-15","Survivor Series '98","the-rock-229, mick-foley-209","billy-gunn-158, road-dogg-192, d-lo-brown-247, mark-henry-213, chaz-warrington-232, glen-ruth-233"
"1998-12-13","Rock Bottom","steve-austin-205, the-undertaker-124","mick-foley-209, the-rock-229, billy-gunn-158, road-dogg-192, big-boss-man-95, ken-shamrock-234"
"1999-01-24","Royal Rumble '99","vince-mcmahon-278, al-snow-210, big-boss-man-95, billy-gunn-158, chyna-282, d-lo-brown-247, dan-severn-268, darren-drozdov-274, edge-273, gangrel-275, duane-gill-279, dustin-rhodes-123, john-tenta-108, jeff-jarrett-168, kane-197, ken-shamrock-234, robert-maillet-255, viscera-170, mark-henry-213, owen-hart-101, road-dogg-192, steve-austin-205, steve-blackman-254, test-281, the-blue-meanie-280, the-godfather-142, tiger-ali-singh-246, triple-h-193, sean-morley-270, sean-waltman-163","the-rock-229, mick-foley-209, sable-263, luna-vachon-176, sean-waltman-163, gangrel-275, ken-shamrock-234, billy-gunn-158"
"1999-02-14","St. Valentine's Day Massacre","steve-austin-205, vince-mcmahon-278","mick-foley-209, the-rock-229"
"1999-03-28","WrestleMania XV","steve-austin-205, the-rock-229","the-undertaker-124, big-boss-man-95, shane-mcmahon-285, sean-waltman-163, sable-263, terri-poch-284"
"1999-04-25","Backlash '99","steve-austin-205, the-rock-229",""
"1999-05-16","No Mercy","steve-austin-205, the-undertaker-124, triple-h-193",""
"1999-05-23","Over the Edge '99","the-undertaker-124, steve-austin-205",""
"1999-06-27","King of the Ring '99","vince-mcmahon-278, shane-mcmahon-285, steve-austin-205","billy-gunn-158, sean-waltman-163, the-undertaker-124, the-rock-229"
"1999-07-25","Fully Loaded '99","steve-austin-205, the-undertaker-124","triple-h-193, the-rock-229"
"1999-08-22","SummerSlam '99","mick-foley-209, steve-austin-205, triple-h-193","the-rock-229, billy-gunn-158, the-big-show-283, the-undertaker-124, kane-197, sean-waltman-163, test-281, shane-mcmahon-285, ken-shamrock-234, steve-blackman-254, ivory-293, terri-poch-284, al-snow-210, big-boss-man-95, john-bradshaw-layfield-207, ron-simmons-218, mike-lockwood-291, bob-holly-171, john-bradshaw-layfield-207, ron-simmons-218, christian-277, edge-273, christian-277, edge-273, darren-drozdov-274, matt-bloom-292, christian-277, edge-273, dennis-knight-206, viscera-170, christian-277, edge-273, jeff-hardy-289, matt-hardy-288, jeff-jarrett-168, d-lo-brown-247"
"1999-09-26","Unforgiven '99","triple-h-193, kane-197, mick-foley-209, the-big-show-283, davey-boy-smith-29, the-rock-229",""
"1999-10-17","No Mercy '99","triple-h-193, steve-austin-205","sean-waltman-163, john-bradshaw-layfield-207, ron-simmons-218, kane-197"
"1999-11-14","Survivor Series '99","the-big-show-283, the-rock-229, triple-h-193","billy-gunn-158, road-dogg-192, al-snow-210, mick-foley-209, mike-lockwood-291, brian-christopher-241, bob-holly-171, scott-taylor-261, christian-277, edge-273, jeff-hardy-289, matt-hardy-288, chyna-282, chris-jericho-296, the-big-show-283, big-boss-man-95, dennis-knight-206, matt-bloom-292, viscera-170"
"1999-12-12","Armageddon '99","triple-h-193, vince-mcmahon-278","the-big-show-283, big-boss-man-95, mick-foley-209, the-rock-229, billy-gunn-158, road-dogg-192, chris-jericho-296, chyna-282, kane-197, sean-waltman-163, sean-morley-270, d-lo-brown-247, davey-boy-smith-29"
"2000-01-23","Royal Rumble '00","the-rock-229, al-snow-210, big-boss-man-95, bob-backlund-149, john-bradshaw-layfield-207, chris-jericho-296, christian-277, chyna-282, mike-lockwood-291, d-lo-brown-247, edge-273, ron-simmons-218, gangrel-275, brian-christopher-241, bob-holly-171, kane-197, chaz-warrington-232, billy-gunn-158, matt-bloom-292, rikishi-154, road-dogg-192, scott-taylor-261, steve-blackman-254, test-281, the-big-show-283, davey-boy-smith-29, the-godfather-142, sean-morley-270, viscera-170, sean-waltman-163","triple-h-193, mick-foley-209, billy-gunn-158, road-dogg-192, john-bradshaw-layfield-207, ron-simmons-218, chris-jericho-296, chyna-282, bob-holly-171, mae-young-303, cathy-dingman-301, ivory-293, jacqueline-moore-271, luna-vachon-176, terri-runnels-304, stacy-carter-300, jeff-hardy-289, matt-hardy-288, bubba-ray-dudley-294, d-von-dudley-295"
"2000-02-27","No Way Out '00","triple-h-193, mick-foley-209",""
"2000-04-02","WrestleMania 2000","triple-h-193, mick-foley-209, the-big-show-283, the-rock-229",""
"2000-04-30","Backlash '00","the-rock-229, triple-h-193","chris-benoit-305, chris-jericho-296, eddie-guerrero-309, mr-aguila-262"
"2000-05-21","Judgment Day '00","triple-h-193, the-rock-229","road-dogg-192, sean-waltman-163, bubba-ray-dudley-294, d-von-dudley-295, chris-benoit-305, chris-jericho-296, shane-mcmahon-285, the-big-show-283, eddie-guerrero-309, dean-malenko-306, perry-saturn-307, brian-christopher-241, rikishi-154, scott-taylor-261, christian-277, edge-273, kurt-angle-299"
"2000-06-25","King of the Ring '00","kane-197, the-rock-229, the-undertaker-124, vince-mcmahon-278, shane-mcmahon-285, triple-h-193","kurt-angle-299, rikishi-154, road-dogg-192, terri-poch-284, sean-waltman-163, bubba-ray-dudley-294, d-von-dudley-295, pat-patterson-310, gerald-brisco-311"
"2000-07-23","Fully Loaded '00","the-rock-229, chris-benoit-305","triple-h-193, chris-jericho-296"
"2000-08-27","SummerSlam '00","the-rock-229, kurt-angle-299, triple-h-193",""
"2000-09-24","Unforgiven '00","the-rock-229, chris-benoit-305, kane-197, the-undertaker-124","triple-h-193, kurt-angle-299, eddie-guerrero-309, rikishi-154, jeff-hardy-289, matt-hardy-288, christian-277, edge-273"
"2000-10-22","No Mercy '00","kurt-angle-299, the-rock-229",""
"2000-11-19","Survivor Series '00","steve-austin-205, triple-h-193","bubba-ray-dudley-294, d-von-dudley-295, jeff-hardy-289, matt-hardy-288, barry-buchanan-257, christian-277, edge-273, the-godfather-142, kurt-angle-299, the-undertaker-124, ivory-293, lita-312"
"2000-12-10","Armageddon '00","kurt-angle-299, rikishi-154, steve-austin-205, the-rock-229, the-undertaker-124, triple-h-193","ivory-293, nora-greenwald-318, trish-stratus-313, chris-benoit-305, billy-gunn-158, christian-277, edge-273, bubba-ray-dudley-294, d-von-dudley-295, barry-buchanan-257, the-godfather-142, r-truth-317, road-dogg-192, chris-jericho-296, kane-197"
"2001-01-21","Royal Rumble '01","steve-austin-205, al-snow-210, matt-bloom-292, billy-gunn-158, john-bradshaw-layfield-207, barry-buchanan-257, mike-lockwood-291, drew-carey-319, ron-simmons-218, brian-christopher-241, haku-47, bob-holly-171, honky-tonk-man-73, jeff-hardy-289, r-truth-317, kane-197, matt-hardy-288, perry-saturn-307, raven-315, rikishi-154, scott-taylor-261, steve-blackman-254, taz-302, test-281, the-big-show-283, the-godfather-142, the-rock-229, the-undertaker-124, sean-morley-270, william-regal-316","kurt-angle-299, triple-h-193, ivory-293, chyna-282, chris-jericho-296, chris-benoit-305, bubba-ray-dudley-294, d-von-dudley-295, christian-277, edge-273"
"2001-02-25","No Way Out '01","the-rock-229, kurt-angle-299","bubba-ray-dudley-294, d-von-dudley-295, christian-277, edge-273, kane-197, the-undertaker-124"
"2001-04-01","WrestleMania X-Seven","steve-austin-205, the-rock-229",""
"2001-04-29","Backlash '01","steve-austin-205, triple-h-193, kane-197, the-undertaker-124","matt-hardy-288, christian-277, eddie-guerrero-309, shane-mcmahon-285, the-big-show-283, chris-benoit-305, kurt-angle-299, william-regal-316, chris-jericho-296, rhino-326, raven-315, matt-bloom-292, justin-credible-186, sean-waltman-163, bubba-ray-dudley-294, d-von-dudley-295, spike-dudley-325"
"2001-05-20","Judgment Day '01","steve-austin-205, the-undertaker-124","chris-benoit-305, chris-jericho-296, christian-277, edge-273, chris-benoit-305, chris-jericho-296, justin-credible-186, sean-waltman-163, justin-credible-186, sean-waltman-163, jeff-hardy-289, matt-hardy-288, justin-credible-186, sean-waltman-163, john-bradshaw-layfield-207, ron-simmons-218, john-bradshaw-layfield-207, ron-simmons-218, bubba-ray-dudley-294, d-von-dudley-295, john-bradshaw-layfield-207, ron-simmons-218, dean-malenko-306, perry-saturn-307, kane-197, triple-h-193, chyna-282, lita-312, rhino-326, test-281, the-big-show-283, kurt-angle-299, chris-benoit-305"
"2001-06-24","King of the Ring '01","steve-austin-205, chris-benoit-305, chris-jericho-296","kurt-angle-299, shane-mcmahon-285, jeff-hardy-289, sean-waltman-163, edge-273, kurt-angle-299, bubba-ray-dudley-294, d-von-dudley-295, kane-197, spike-dudley-325"
"2001-07-22","InVasion","booker-t-341, bubba-ray-dudley-294, d-von-dudley-295, diamond-dallas-page-342, rhino-326, chris-jericho-296, kane-197, kurt-angle-299, steve-austin-205, the-undertaker-124","lita-312, trish-stratus-313, stacy-keibler-340, torrie-wilson-339, rob-van-dam-338, jeff-hardy-289"
"2001-08-19","SummerSlam '01","the-rock-229, booker-t-341","kurt-angle-299, steve-austin-205, kane-197, the-undertaker-124, diamond-dallas-page-342, chris-kanyon-334, rob-van-dam-338, jeff-hardy-289"
"2001-09-23","Unforgiven '01","kurt-angle-299, steve-austin-205","rhino-326, tajiri-337, the-rock-229, booker-t-341, shane-mcmahon-285, rob-van-dam-338, chris-jericho-296, kane-197, the-undertaker-124, brian-adams-128, bryan-clark-175, christian-277, edge-273"
"2001-10-21","No Mercy '01","steve-austin-205, kurt-angle-299, rob-van-dam-338","chris-jericho-296, the-rock-229"
"2001-11-18","Survivor Series '01","chris-jericho-296, kane-197, the-big-show-283, the-rock-229, the-undertaker-124, booker-t-341, kurt-angle-299, rob-van-dam-338, shane-mcmahon-285, steve-austin-205","trish-stratus-313, ivory-293, jacqueline-moore-271, jazz-344, lita-312, nora-greenwald-318, test-281, matt-bloom-292, billy-gunn-158, billy-kidman-333, john-bradshaw-layfield-207, chavo-guerrero-jr-356, chuck-palumbo-332, mike-lockwood-291, diamond-dallas-page-342, ron-simmons-218, funaki-267, bill-demott-336, justin-credible-186, lance-storm-327, perry-saturn-307, raven-315, shawn-stasiak-335, spike-dudley-325, stevie-richards-314, taz-302, hurricane-helms-343, tommy-dreamer-359, bubba-ray-dudley-294, d-von-dudley-295, jeff-hardy-289, matt-hardy-288, edge-273, test-281"
"2001-12-09","Vengeance '01","chris-jericho-296, steve-austin-205","chris-jericho-296, the-rock-229, steve-austin-205, kurt-angle-299, trish-stratus-313, jacqueline-moore-271, the-undertaker-124, rob-van-dam-338, bubba-ray-dudley-294, d-von-dudley-295, kane-197, the-big-show-283, jeff-hardy-289, matt-hardy-288, edge-273, william-regal-316"
"2002-01-20","Royal Rumble '02","triple-h-193, al-snow-210, matt-bloom-292, big-boss-man-95, billy-gunn-158, booker-t-341, john-bradshaw-layfield-207, christian-277, chuck-palumbo-332, diamond-dallas-page-342, ron-simmons-218, dustin-rhodes-123, jeff-hardy-289, kane-197, kurt-angle-299, lance-storm-327, matt-hardy-288, maven-345, curt-hennig-100, perry-saturn-307, rikishi-154, rob-van-dam-338, scott-taylor-261, steve-austin-205, test-281, the-big-show-283, the-godfather-142, hurricane-helms-343, the-undertaker-124, sean-morley-270","chris-jericho-296, the-rock-229, ric-flair-138, vince-mcmahon-278, trish-stratus-313, jazz-344, william-regal-316, edge-273, spike-dudley-325, taz-302, bubba-ray-dudley-294, d-von-dudley-295"
"2002-02-17","No Way Out '02","chris-jericho-296, steve-austin-205","kurt-angle-299, triple-h-193"
"2002-03-17","WrestleMania X8","triple-h-193, chris-jericho-296","maven-345, christian-277, jazz-344, lita-312, trish-stratus-313"
"2002-04-21","Backlash '02","hulk-hogan-19, triple-h-193","billy-gunn-158, chuck-palumbo-332, al-snow-210, maven-345, the-undertaker-124, steve-austin-205, eddie-guerrero-309, rob-van-dam-338"
"2002-05-19","Judgment Day '02","the-undertaker-124, hulk-hogan-19","rico-constantino-348, rikishi-154, billy-gunn-158, chuck-palumbo-332, triple-h-193, chris-jericho-296, edge-273, kurt-angle-299, steve-austin-205, ric-flair-138, the-big-show-283"
"2002-06-23","King of the Ring '02","the-undertaker-124, triple-h-193","brock-lesnar-346, rob-van-dam-338"
"2002-07-21","Vengeance '02","the-rock-229, kurt-angle-299, the-undertaker-124","christian-277, lance-storm-327, edge-273, hulk-hogan-19, booker-t-341, the-big-show-283, rob-van-dam-338, brock-lesnar-346"
"2002-08-25","SummerSlam '02","brock-lesnar-346, the-rock-229","shawn-michaels-96, triple-h-193"
"2002-09-22","Unforgiven '02","brock-lesnar-346, the-undertaker-124",""
"2002-10-20","No Mercy '02","brock-lesnar-346, the-undertaker-124","trish-stratus-313, lisa-marie-varon-355, chris-benoit-305, kurt-angle-299, edge-273, rey-mysterio-351, triple-h-193, kane-197, jamie-noble-349, tajiri-337"
"2002-11-17","Survivor Series '02","shawn-michaels-96, booker-t-341, chris-jericho-296, kane-197, rob-van-dam-338, triple-h-193","chavo-guerrero-jr-356, eddie-guerrero-309, chris-benoit-305, kurt-angle-299, edge-273, rey-mysterio-351, the-big-show-283, brock-lesnar-346, lisa-marie-varon-355, trish-stratus-313, billy-kidman-333, jamie-noble-349, bubba-ray-dudley-294, jeff-hardy-289, spike-dudley-325, umaga-353, rico-constantino-348, matt-anoa39i-352"
"2002-12-15","Armageddon '02","triple-h-193, shawn-michaels-96","kurt-angle-299, the-big-show-283, lisa-marie-varon-355, jacqueline-moore-271, trish-stratus-313"
"2003-01-19","Royal Rumble '03","brock-lesnar-346, matt-bloom-292, barry-buchanan-257, batista-357, bill-demott-336, booker-t-341, charlie-haas-360, chavo-guerrero-jr-356, chris-jericho-296, chris-nowinski-358, christian-277, eddie-guerrero-309, edge-273, dustin-rhodes-123, umaga-353, jeff-hardy-289, john-cena-350, kane-197, matt-hardy-288, maven-345, rey-mysterio-351, rikishi-154, rob-van-dam-338, matt-anoa39i-352, shawn-michaels-96, shelton-benjamin-361, tajiri-337, test-281, the-undertaker-124, tommy-dreamer-359","kurt-angle-299, chris-benoit-305, scott-steiner-146, triple-h-193"
"2003-02-23","No Way Out '03","the-rock-229, hulk-hogan-19",""
"2003-03-30","WrestleMania XIX","brock-lesnar-346, kurt-angle-299",""
"2003-04-27","Backlash '03","goldberg-365, the-rock-229","chris-jericho-296, ric-flair-138, triple-h-193, booker-t-341, kevin-nash-167, shawn-michaels-96, brock-lesnar-346, john-cena-350"
"2003-05-18","Judgment Day '03","brock-lesnar-346, the-big-show-283","jazz-344, jacqueline-moore-271, trish-stratus-313, lisa-marie-varon-355, kevin-nash-167, triple-h-193"
"2003-06-15","Bad Blood '03","triple-h-193, kevin-nash-167","steve-austin-205, eric-bischoff-362"
"2003-07-27","Vengeance '03","kurt-angle-299, brock-lesnar-346, the-big-show-283",""
"2003-08-24","SummerSlam '03","triple-h-193, chris-jericho-296, goldberg-365, kevin-nash-167, randy-orton-384, shawn-michaels-96","kane-197, rob-van-dam-338, kurt-angle-299, brock-lesnar-346, eddie-guerrero-309, chris-benoit-305, rhino-326, tajiri-337, shane-mcmahon-285, eric-bischoff-362"
"2003-09-21","Unforgiven '03","goldberg-365, triple-h-193",""
"2003-10-19","No Mercy '03","brock-lesnar-346, the-undertaker-124","the-big-show-283, eddie-guerrero-309"
"2003-11-16","Survivor Series '03","goldberg-365, triple-h-193","vince-mcmahon-278, the-undertaker-124, chris-jericho-296, christian-277, mark-henry-213, randy-orton-384, scott-steiner-146, booker-t-341, bubba-ray-dudley-294, d-von-dudley-295, rob-van-dam-338, shawn-michaels-96, danny-basham-374, doug-basham-375, chavo-guerrero-jr-356, eddie-guerrero-309, kane-197, shane-mcmahon-285, nora-greenwald-318, lita-312, john-bradshaw-layfield-207, chris-benoit-305, bob-holly-171, john-cena-350, kurt-angle-299, matt-bloom-292, brock-lesnar-346, matt-morgan-390, nathan-jones-493, the-big-show-283"
"2003-12-14","Armageddon '03","triple-h-193, goldberg-365, kane-197","nora-greenwald-318, ivory-293, batista-357, ric-flair-138, bubba-ray-dudley-294, d-von-dudley-295, bubba-ray-dudley-294, d-von-dudley-295, scott-steiner-146, test-281, bubba-ray-dudley-294, d-von-dudley-295, lance-cade-389, marco-corleone-388, lance-cade-389, marco-corleone-388, lance-storm-327, sean-morley-270, lance-cade-389, marco-corleone-388, matt-anoa39i-352, hurricane-helms-343, matt-anoa39i-352, hurricane-helms-343, rene-dupree-369, rob-conway-379"
"2004-01-25","Royal Rumble '04","chris-benoit-305, matt-bloom-292, billy-gunn-158, booker-t-341, john-bradshaw-layfield-207, charlie-haas-360, chris-jericho-296, christian-277, ernest-miller-391, goldberg-365, john-cena-350, kane-197, kurt-angle-299, mark-henry-213, matt-hardy-288, matt-morgan-390, mick-foley-209, little-guido-maritato-373, randy-orton-384, rene-dupree-369, rhino-326, rico-constantino-348, rikishi-154, rob-van-dam-338, scott-steiner-146, shelton-benjamin-361, spike-dudley-325, tajiri-337, the-big-show-283, hurricane-helms-343","triple-h-193, shawn-michaels-96, brock-lesnar-346, bob-holly-171"
"2004-02-15","No Way Out '04","eddie-guerrero-309, brock-lesnar-346","kurt-angle-299, john-cena-350, the-big-show-283, chavo-guerrero-jr-356, rey-mysterio-351"
"2004-03-14","WrestleMania XX","chris-benoit-305, shawn-michaels-96, triple-h-193",""
"2004-04-18","Backlash '04","chris-benoit-305, shawn-michaels-96, triple-h-193",""
"2004-05-16","Judgment Day '04","john-bradshaw-layfield-207, eddie-guerrero-309",""
"2004-06-13","Bad Blood '04","triple-h-193, shawn-michaels-96","chris-benoit-305, kane-197"
"2004-06-27","The Great American Bash '04","the-undertaker-124, bubba-ray-dudley-294, d-von-dudley-295","john-bradshaw-layfield-207, eddie-guerrero-309"
"2004-07-11","Vengeance '04","chris-benoit-305, triple-h-193",""
"2004-08-15","SummerSlam '04","randy-orton-384, chris-benoit-305","john-bradshaw-layfield-207, the-undertaker-124, amy-weber-403, christy-hemme-406, joy-giovanni-402, maria-kanellis-405, michelle-mccool-407, tracie-wright-404, gail-kim-385, jazz-344, nora-greenwald-318, nidia-393, stacy-keibler-340, lisa-marie-varon-355"
"2004-09-12","Unforgiven '04","triple-h-193, randy-orton-384","rob-conway-379, sylvain-grenier-368, rhino-326, tajiri-337, shawn-michaels-96, kane-197, chris-jericho-296, christian-277"
"2004-10-03","No Mercy '04","john-bradshaw-layfield-207, the-undertaker-124","charlie-haas-360, jackie-gayda-394, rico-constantino-348, bubba-ray-dudley-294, d-von-dudley-295, dawn-marie-354, john-cena-350, booker-t-341"
"2004-10-19","Taboo Tuesday '04","randy-orton-384, ric-flair-138","triple-h-193, shawn-michaels-96, christy-hemme-406, carmella-decesare-409, chris-benoit-305, edge-273, rob-conway-379, sylvain-grenier-368, nick-dinsmore-321, eric-bischoff-362, snitsky-408, kane-197, trish-stratus-313, gail-kim-385, jazz-344, nora-greenwald-318, nidia-393, stacy-keibler-340, lisa-marie-varon-355, shelton-benjamin-361, chris-jericho-296"
"2004-11-14","Survivor Series '04","chris-benoit-305, chris-jericho-296, maven-345, randy-orton-384, batista-357, edge-273, snitsky-408, triple-h-193","john-bradshaw-layfield-207, booker-t-341, trish-stratus-313, lita-312"
"2004-12-12","Armageddon '04","john-bradshaw-layfield-207, booker-t-341, eddie-guerrero-309, the-undertaker-124","funaki-267, spike-dudley-325, the-big-show-283, kurt-angle-299, luther-reigns-399, marco-corleone-388, dawn-marie-354, jackie-gayda-394, john-cena-350, aaron-aguilera-413"
"2005-01-09","New Year's Revolution '05","triple-h-193, batista-357, chris-benoit-305, chris-jericho-296, edge-273, randy-orton-384",""
"2005-01-30","Royal Rumble '05","batista-357, booker-t-341, charlie-haas-360, chris-benoit-305, chris-jericho-296, christian-277, daniel-puder-411, eddie-guerrero-309, edge-273, snitsky-408, bob-holly-171, john-cena-350, jonathan-coachman-386, kane-197, kenso-400, kurt-angle-299, luther-reigns-399, marco-corleone-388, mark-copani-414, orlando-jordan-378, paul-london-401, rene-dupree-369, rey-mysterio-351, ric-flair-138, scott-taylor-261, shawn-michaels-96, shelton-benjamin-361, mike-bucci-416, hurricane-helms-343, viscera-170","triple-h-193, randy-orton-384, john-bradshaw-layfield-207, kurt-angle-299, the-big-show-283, the-undertaker-124, jon-heidenreich-415"
"2005-02-20","No Way Out '05","john-bradshaw-layfield-207, the-big-show-283",""
"2005-04-03","WrestleMania 21","batista-357, triple-h-193","john-cena-350, john-bradshaw-layfield-207, akebono-417, the-big-show-283"
"2005-05-01","Backlash '05","batista-357, triple-h-193",""
"2005-05-22","Judgment Day '05","john-cena-350, john-bradshaw-layfield-207",""
"2005-06-12","One Night Stand '05","bubba-ray-dudley-294, d-von-dudley-295, the-sandman-429, tommy-dreamer-359",""
"2005-06-26","Vengeance '05","batista-357, triple-h-193","john-cena-350, chris-jericho-296, christian-277"
"2005-07-24","The Great American Bash '05","john-bradshaw-layfield-207, batista-357","melina-431, torrie-wilson-339"
"2005-08-21","SummerSlam '05","hulk-hogan-19, shawn-michaels-96","batista-357, john-bradshaw-layfield-207, john-cena-350, chris-jericho-296"
"2005-09-18","Unforgiven '05","kurt-angle-299, john-cena-350",""
"2005-10-09","No Mercy '05","batista-357, eddie-guerrero-309","juventud-guerrera-430, little-guido-maritato-373, bob-orton-jr-33, randy-orton-384, the-undertaker-124"
"2005-11-01","Taboo Tuesday '05","john-cena-350, kurt-angle-299, shawn-michaels-96","ric-flair-138, triple-h-193, trish-stratus-313, ashley-massaro-432, candice-michelle-437, maria-kanellis-405, mickie-james-436, lisa-marie-varon-355, batista-357, jonathan-coachman-386, kane-197, the-big-show-283, lance-cade-389, trevor-murdoch-433"
"2005-11-27","Survivor Series '05","batista-357, bobby-lashley-434, john-bradshaw-layfield-207, randy-orton-384, rey-mysterio-351, carlito-424, chris-masters-420, kane-197, shawn-michaels-96, the-big-show-283",""
"2005-12-18","Armageddon '05","the-undertaker-124, randy-orton-384",""
"2006-01-08","New Year's Revolution '06","edge-273, john-cena-350","john-cena-350, carlito-424, chris-masters-420, kane-197, kurt-angle-299, shawn-michaels-96, ashley-massaro-432, candice-michelle-437, maria-kanellis-405, torrie-wilson-339, lisa-marie-varon-355"
"2006-01-29","Royal Rumble '06","kurt-angle-299, mark-henry-213","john-cena-350, edge-273, rey-mysterio-351, road-warrior-animal-127, bobby-lashley-434, booker-t-341, carlito-424, chavo-guerrero-jr-356, chris-benoit-305, chris-masters-420, nick-dinsmore-321, dustin-rhodes-123, joey-matthews-423, johnny-impact-377, jonathan-coachman-386, kane-197, matt-hardy-288, orlando-jordan-378, nicho-el-millonario-426, randy-orton-384, ric-flair-138, rob-van-dam-338, shawn-michaels-96, shelton-benjamin-361, mike-bucci-416, super-crazy-425, sylvain-grenier-368, tatanka-141, the-big-show-283, trevor-murdoch-433, triple-h-193, viscera-170"
"2006-02-19","No Way Out '06","kurt-angle-299, the-undertaker-124",""
"2006-04-02","WrestleMania 22","john-cena-350, triple-h-193","torrie-wilson-339, candice-michelle-437, rey-mysterio-351, kurt-angle-299, randy-orton-384, shawn-michaels-96, vince-mcmahon-278, the-undertaker-124, mark-henry-213, mickie-james-436, trish-stratus-313, the-boogeyman-440, booker-t-341, sharmell-442, edge-273, mick-foley-209, john-bradshaw-layfield-207, chris-benoit-305, rob-van-dam-338, bobby-lashley-434, dave-fit-finlay-441, matt-hardy-288, ric-flair-138, shelton-benjamin-361, kane-197, the-big-show-283, carlito-424, chris-masters-420, viscera-170, nick-dinsmore-321, snitsky-408, dustin-rhodes-123, joey-matthews-423, johnny-impact-377, lance-cade-389, matt-striker-461, nicho-el-millonario-426, road-warrior-animal-127, rob-conway-379, funaki-267, mike-bucci-416, stevie-richards-314, super-crazy-425, trevor-murdoch-433, travis-tomko-398, william-regal-316"
"2006-04-30","Backlash '06","john-cena-350, edge-273, triple-h-193","vince-mcmahon-278, shane-mcmahon-285, shawn-michaels-96"
"2006-05-21","Judgment Day '06","rey-mysterio-351, john-bradshaw-layfield-207",""
"2006-06-11","One Night Stand '06","rob-van-dam-338, john-cena-350",""
"2006-06-25","Vengeance '06","shawn-michaels-96, triple-h-193, johnny-jeter-380, kenn-doane-449, mike-mondo-452, nick-mitchell-451, dolph-ziggler-450","john-cena-350, sabu-427"
"2006-07-23","The Great American Bash '06","booker-t-341, rey-mysterio-351",""
"2006-08-20","SummerSlam '06","edge-273, john-cena-350",""
"2006-09-17","Unforgiven '06","john-cena-350, edge-273",""
"2006-10-08","No Mercy '06","booker-t-341, batista-357, bobby-lashley-434, dave-fit-finlay-441",""
"2006-11-05","Cyber Sunday '06","booker-t-341, john-cena-350, the-big-show-283","ric-flair-138, roddy-piper-21, kenn-doane-449, mike-mondo-452, lita-312, mickie-james-436, edge-273, randy-orton-384, shawn-michaels-96, triple-h-193, jeff-hardy-289, carlito-424, jtg-459, shad-gaspard-460, robbie-mcallister-454, rory-mcallister-455, charlie-haas-360, viscera-170, lance-cade-389, trevor-murdoch-433"
"2006-11-26","Survivor Series '06","batista-357, booker-t-341","bobby-lashley-434, john-cena-350, kane-197, rob-van-dam-338, sabu-427, dave-fit-finlay-441, mvp-457, test-281, the-big-show-283, umaga-353, mr-anderson-435, the-undertaker-124, c-m-punk-467, jeff-hardy-289, matt-hardy-288, shawn-michaels-96, triple-h-193, edge-273, hurricane-helms-343, johnny-impact-377, knux-465, randy-orton-384, mickie-james-436, lita-312, chris-benoit-305, chavo-guerrero-jr-356, dusty-rhodes-109, ric-flair-138, ron-simmons-218, sergeant-slaughter-121, johnny-jeter-380, kenn-doane-449, mike-mondo-452, dolph-ziggler-450, carlito-424, charlie-haas-360"
"2006-12-03","December to Dismember '06","bobby-lashley-434, c-m-punk-467, bob-holly-171, rob-van-dam-338, test-281, the-big-show-283",""
"2006-12-17","Armageddon '06","batista-357, john-cena-350, dave-fit-finlay-441, booker-t-341","ashley-massaro-432, jillian-hall-443, kristal-marshall-453, layla-469, n-a-470, the-undertaker-124, mr-anderson-435, hurricane-helms-343, jimmy-yang-396, chris-benoit-305, chavo-guerrero-jr-356"
"2007-01-07","New Year's Revolution '07","john-cena-350, umaga-353",""
"2007-01-28","Royal Rumble '07","the-undertaker-124, c-m-punk-467, carlito-424, chavo-guerrero-jr-356, chris-benoit-305, chris-masters-420, edge-273, dave-fit-finlay-441, hurricane-helms-343, bob-holly-171, jeff-hardy-289, johnny-impact-377, kane-197, kenn-doane-449, kevin-fertig-397, booker-t-341, matt-hardy-288, mvp-457, randy-orton-384, ric-flair-138, rob-van-dam-338, sabu-427, shawn-michaels-96, shelton-benjamin-361, super-crazy-425, the-great-khali-444, the-miz-412, the-sandman-429, tommy-dreamer-359, viscera-170","john-cena-350, umaga-353, batista-357, mr-anderson-435, bobby-lashley-434, test-281"
"2007-02-18","No Way Out '07","john-cena-350, shawn-michaels-96, batista-357, the-undertaker-124","ashley-massaro-432, shelly-martinez-464, brooke-tessmacher-719, candice-michelle-437, jillian-hall-443, kelly-kelly-466, layla-469, maria-kanellis-405, mr-anderson-435, bobby-lashley-434, brian-kendrick-367, paul-london-401, sim-snuka-717, cliff-compton-718"
"2007-04-01","WrestleMania 23","john-cena-350, shawn-michaels-96","melina-431, ashley-massaro-432, bobby-lashley-434, umaga-353, rob-van-dam-338, sabu-427, the-sandman-429, tommy-dreamer-359, dangelo-dinero-462, kevin-fertig-397, monty-brown-778, matt-striker-461, the-undertaker-124, batista-357, chris-benoit-305, mvp-457"
"2007-04-29","Backlash '07","john-cena-350, edge-273, randy-orton-384, shawn-michaels-96","the-undertaker-124, batista-357, vince-mcmahon-278, shane-mcmahon-285, umaga-353, bobby-lashley-434, chris-benoit-305, mvp-457, melina-431, mickie-james-436, jeff-hardy-289, matt-hardy-288, lance-cade-389, trevor-murdoch-433, carlito-424, johnny-impact-377"
"2007-05-20","Judgment Day '07","john-cena-350, the-great-khali-444","mvp-457, chris-benoit-305, edge-273, batista-357, jeff-hardy-289, matt-hardy-288, lance-cade-389, trevor-murdoch-433"
"2007-06-03","One Night Stand '07","john-cena-350, the-great-khali-444","edge-273, batista-357, candice-michelle-437, melina-431, bobby-lashley-434, vince-mcmahon-278, mark-henry-213, kane-197, jeff-hardy-289, matt-hardy-288, charlie-haas-360, shelton-benjamin-361, c-m-punk-467, the-sandman-429, tommy-dreamer-359, dangelo-dinero-462, monty-brown-778, matt-striker-461, rob-van-dam-338, randy-orton-384, santino-marella-3089, chris-masters-420"
"2007-06-24","Vengeance: Night of Champions","john-cena-350, bobby-lashley-434, booker-t-341, mick-foley-209, randy-orton-384","candice-michelle-437, melina-431, edge-273, batista-357, sim-snuka-717, cliff-compton-718, jimmy-snuka-114, sergeant-slaughter-121, mvp-457, ric-flair-138, santino-marella-3089, umaga-353, johnny-impact-377, c-m-punk-467, chavo-guerrero-jr-356, jimmy-yang-396, lance-cade-389, trevor-murdoch-433, jeff-hardy-289, matt-hardy-288, super-crazy-425, carlito-424"
"2007-07-22","The Great American Bash '07","john-cena-350, bobby-lashley-434","the-great-khali-444, batista-357, kane-197, randy-orton-384, dusty-rhodes-109, johnny-impact-377, c-m-punk-467, umaga-353, jeff-hardy-289, candice-michelle-437, melina-431, carlito-424, the-sandman-429, swoggle-715, chavo-guerrero-jr-356, jamie-noble-349, jimmy-yang-396, shannon-moore-372, funaki-267, mvp-457, matt-hardy-288, chuck-palumbo-332, chris-masters-420"
"2007-08-26","SummerSlam '07","john-cena-350, randy-orton-384","batista-357, the-great-khali-444"
"2007-09-16","Unforgiven '07","the-undertaker-124, mark-henry-213","randy-orton-384, john-cena-350, lance-cade-389, trevor-murdoch-433, brian-kendrick-367, paul-london-401, batista-357, rey-mysterio-351, the-great-khali-444, candice-michelle-437, beth-phoenix-3244"
"2007-10-07","No Mercy '07","randy-orton-384, triple-h-193","batista-357, the-great-khali-444, beth-phoenix-3244, candice-michelle-437"
"2007-10-28","Cyber Sunday '07","batista-357, the-undertaker-124","triple-h-193, umaga-353, shawn-michaels-96, randy-orton-384, kane-197, mvp-457"
"2007-11-18","Survivor Series '07","batista-357, the-undertaker-124","randy-orton-384, shawn-michaels-96"
"2007-12-16","Armageddon '07","edge-273, batista-357, the-undertaker-124","beth-phoenix-3244, mickie-james-436, chris-jericho-296, randy-orton-384"
"2008-01-27","Royal Rumble '08","john-cena-350, batista-357, viscera-170, c-m-punk-467, carlito-424, chavo-guerrero-jr-356, chuck-palumbo-332, cody-2805, dangelo-dinero-462, dave-fit-finlay-441, bob-holly-171, swoggle-715, jamie-noble-349, jimmy-snuka-114, johnny-impact-377, kane-197, mark-henry-213, mick-foley-209, mr-anderson-435, roddy-piper-21, santino-marella-3089, shawn-michaels-96, shelton-benjamin-361, snitsky-408, the-great-khali-444, the-miz-412, the-undertaker-124, tommy-dreamer-359, triple-h-193, umaga-353","randy-orton-384, jeff-hardy-289, edge-273, rey-mysterio-351"
"2008-02-17","No Way Out '08","triple-h-193, chris-jericho-296, jeff-hardy-289, john-bradshaw-layfield-207, shawn-michaels-96, umaga-353","john-cena-350, randy-orton-384, edge-273, rey-mysterio-351, ric-flair-138, mr-anderson-435, the-undertaker-124, batista-357, viscera-170, dave-fit-finlay-441, mvp-457, the-great-khali-444, chavo-guerrero-jr-356, c-m-punk-467, kane-197, shelton-benjamin-361"
"2008-03-30","WrestleMania XXIV","the-undertaker-124, edge-273","floyd-mayweather-jr-3327, the-big-show-283, randy-orton-384, john-cena-350, triple-h-193, beth-phoenix-3244, melina-431, ashley-massaro-432, maria-kanellis-405, shawn-michaels-96, ric-flair-138, kane-197, chavo-guerrero-jr-356"
"2008-04-27","Backlash '08","triple-h-193, john-bradshaw-layfield-207, john-cena-350, randy-orton-384","the-undertaker-124, edge-273, beth-phoenix-3244, jillian-hall-443, layla-469, melina-431, natalya-3322, lisa-marie-varon-355, ashley-massaro-432, cherry-pie-3329, kelly-kelly-466, maria-kanellis-405, michelle-mccool-407, mickie-james-436, shawn-michaels-96, batista-357"
"2008-05-18","Judgment Day '08","triple-h-193, randy-orton-384",""
"2008-06-01","One Night Stand '08","edge-273, the-undertaker-124","triple-h-193, randy-orton-384, batista-357, shawn-michaels-96, beth-phoenix-3244, melina-431, john-cena-350, john-bradshaw-layfield-207, the-big-show-283, c-m-punk-467, chavo-guerrero-jr-356, johnny-impact-377, tommy-dreamer-359, jeff-hardy-289, umaga-353, matt-hardy-288, shelton-benjamin-361"
"2008-06-29","Night of Champions '08","triple-h-193, john-cena-350","edge-273, batista-357, mickie-james-436, katarina-leigh-1791, kofi-kingston-3295, chris-jericho-296, cody-2805, ted-dibiase-jr-3275, bob-holly-171, mark-henry-213, kane-197, the-big-show-283, matt-hardy-288, chavo-guerrero-jr-356, johnny-impact-377, the-miz-412, dave-fit-finlay-441, swoggle-715, jeff-hardy-289, mvp-457"
"2008-07-20","The Great American Bash '08","triple-h-193, edge-273","john-bradshaw-layfield-207, john-cena-350, c-m-punk-467, batista-357, michelle-mccool-407, natalya-3322"
"2008-08-17","SummerSlam '08","the-undertaker-124, edge-273",""
"2008-09-07","Unforgiven '08","chris-jericho-296, batista-357, john-bradshaw-layfield-207, kane-197, rey-mysterio-351","michelle-mccool-407, maryse-3276, triple-h-193, jeff-hardy-289, mvp-457, shelton-benjamin-361, brian-kendrick-367, shawn-michaels-96, chris-jericho-296, cody-2805, ted-dibiase-jr-3275, jtg-459, shad-gaspard-460, matt-hardy-288, chavo-guerrero-jr-356, dave-fit-finlay-441, mark-henry-213, the-miz-412, matt-sydal-861, johnny-impact-377"
"2008-10-05","No Mercy '08","chris-jericho-296, shawn-michaels-96","triple-h-193, jeff-hardy-289"
"2008-10-26","Cyber Sunday '08","batista-357, chris-jericho-296","triple-h-193, jeff-hardy-289, mickie-james-436, beth-phoenix-3244, brie-bella-3340, candice-michelle-437, eve-torres-3342, jillian-hall-443, katarina-leigh-1791, kelly-kelly-466, layla-469, lena-yada-3343, maria-kanellis-405, maryse-3276, michelle-mccool-407, natalya-3322, taryn-terrell-3344, lisa-marie-varon-355, the-undertaker-124, the-big-show-283, honky-tonk-man-73, santino-marella-3089"
"2008-11-23","Survivor Series '08","john-cena-350, chris-jericho-296","edge-273, triple-h-193, vladimir-kozlov-3255, cody-2805, mark-henry-213, randy-orton-384, shelton-benjamin-361, william-regal-316, batista-357, c-m-punk-467, kofi-kingston-3295, matt-hardy-288, r-truth-317, the-undertaker-124, the-big-show-283, beth-phoenix-3244, candice-michelle-437, jillian-hall-443, kelly-kelly-466, mickie-james-436, maria-kanellis-405, maryse-3276, michelle-mccool-407, natalya-3322, lisa-marie-varon-355, jtg-459, rey-mysterio-351, shad-gaspard-460, shawn-michaels-96, the-great-khali-444, john-bradshaw-layfield-207, johnny-impact-377, kane-197, mvp-457, the-miz-412, brian-kendrick-367, funaki-267"
"2008-12-14","Armageddon '08","jeff-hardy-289, edge-273, triple-h-193","john-cena-350, chris-jericho-296, kelly-kelly-466, maria-kanellis-405, michelle-mccool-407, mickie-james-436, jillian-hall-443, maryse-3276, natalya-3322, lisa-marie-varon-355"
"2009-01-25","Royal Rumble '09","randy-orton-384, c-m-punk-467, carlito-424, chris-jericho-296, cody-2805, dolph-ziggler-450, dave-fit-finlay-441, dustin-rhodes-123, jim-duggan-83, johnny-impact-377, jtg-459, kane-197, kofi-kingston-3295, mark-henry-213, knux-465, mvp-457, r-truth-317, rey-mysterio-351, rob-van-dam-338, santino-marella-3089, shelton-benjamin-361, ted-dibiase-jr-3275, the-big-show-283, brian-kendrick-367, the-great-khali-444, the-miz-412, the-undertaker-124, triple-h-193, vladimir-kozlov-3255, william-regal-316","edge-273, jeff-hardy-289, john-cena-350, john-bradshaw-layfield-207, melina-431, beth-phoenix-3244, jack-swagger-3410, matt-hardy-288, jimmy-yang-396, paul-burchill-438"
"2009-02-15","No Way Out '09","edge-273, chris-jericho-296, john-cena-350, kane-197, knux-465, rey-mysterio-351",""
"2009-04-05","WrestleMania XXV","triple-h-193, randy-orton-384","john-cena-350, edge-273, the-big-show-283"
"2009-04-26","Backlash '09","edge-273, john-cena-350","cody-2805, randy-orton-384, ted-dibiase-jr-3275, batista-357, shane-mcmahon-285, triple-h-193"
"2009-05-17","Judgment Day '09","edge-273, jeff-hardy-289",""
"2009-06-07","Extreme Rules '09","c-m-punk-467, jeff-hardy-289","jeff-hardy-289, edge-273, john-cena-350, the-big-show-283, batista-357, randy-orton-384, santino-marella-3089, chavo-guerrero-jr-356, vickie-guerrero-3875, tommy-dreamer-359, christian-277, jack-swagger-3410, c-m-punk-467, umaga-353, chris-jericho-296, rey-mysterio-351, kofi-kingston-3295, matt-hardy-288, mvp-457, william-regal-316, kelly-kelly-466, mickie-james-436, beth-phoenix-3244, rosa-mendes-3952"
"2009-06-28","The Bash '09","randy-orton-384, triple-h-193",""
"2009-07-26","Night of Champions '09","jeff-hardy-289, c-m-punk-467","rey-mysterio-351, dolph-ziggler-450, mickie-james-436, maryse-3276, randy-orton-384, john-cena-350, triple-h-193, michelle-mccool-407, melina-431, kofi-kingston-3295, carlito-424, jack-swagger-3410, mvp-457, primo-3240, the-miz-412, christian-277, tommy-dreamer-359, chris-jericho-296, the-big-show-283, cody-2805, ted-dibiase-jr-3275, jtg-459, shad-gaspard-460, harry-smith-2813, tyson-kidd-1814"
"2009-08-24","SummerSlam '09","c-m-punk-467, jeff-hardy-289","randy-orton-384, john-cena-350, christian-277, william-regal-316"
"2009-09-13","Breaking Point '09","c-m-punk-467, the-undertaker-124","john-cena-350, randy-orton-384, christian-277, william-regal-316, kane-197, the-great-khali-444, cody-2805, ted-dibiase-jr-3275, shawn-michaels-96, triple-h-193, kofi-kingston-3295, the-miz-412, chris-jericho-296, the-big-show-283, mark-henry-213, mvp-457, matt-sydal-861, chavo-guerrero-jr-356"
"2009-10-04","Hell in a Cell","shawn-michaels-96, triple-h-193, cody-2805, ted-dibiase-jr-3275","kofi-kingston-3295, jack-swagger-3410, the-miz-412"
"2009-10-25","Bragging Rights '09","john-cena-350, randy-orton-384","chris-jericho-296, harry-smith-2813, dave-fit-finlay-441, kane-197, matt-hardy-288, r-truth-317, tyson-kidd-1814, cody-2805, jack-swagger-3410, kofi-kingston-3295, mark-henry-213, shawn-michaels-96, the-big-show-283, triple-h-193, the-undertaker-124, batista-357, c-m-punk-467, rey-mysterio-351, beth-phoenix-3244, michelle-mccool-407, natalya-3322, gail-kim-385, kelly-kelly-466, melina-431"
"2009-11-22","Survivor Series '09","john-cena-350, shawn-michaels-96, triple-h-193","eve-torres-3342, gail-kim-385, kelly-kelly-466, melina-431, mickie-james-436, alicia-fox-3889, beth-phoenix-3244, jillian-hall-443, layla-469, michelle-mccool-407, the-undertaker-124, chris-jericho-296, the-big-show-283, christian-277, kofi-kingston-3295, mark-henry-213, mvp-457, r-truth-317, c-m-punk-467, cody-2805, randy-orton-384, ted-dibiase-jr-3275, william-regal-316"
"2009-12-13","TLC: Tables, Ladders and Chairs '09","shawn-michaels-96, triple-h-193, chris-jericho-296, the-big-show-283",""
"2010-01-31","Royal Rumble '10","edge-273, batista-357, beth-phoenix-3244, c-m-punk-467, carlito-424, chris-jericho-296, chris-masters-420, cody-2805, dolph-ziggler-450, drew-mcintyre-3409, matt-sydal-861, jack-swagger-3410, john-cena-350, johnny-impact-377, jtg-459, kane-197, kofi-kingston-3295, mark-henry-213, matt-hardy-288, mvp-457, r-truth-317, shawn-michaels-96, shelton-benjamin-361, ted-dibiase-jr-3275, the-big-show-283, the-great-khali-444, the-miz-412, triple-h-193, yoshi-tatsu-3031, zack-ryder-3248","the-undertaker-124, rey-mysterio-351, mickie-james-436, michelle-mccool-407, sheamus-5000, randy-orton-384, the-miz-412, mvp-457, christian-277, big-ryck-3443, brie-bella-3340, eve-torres-3342, gail-kim-385, kelly-kelly-466, nikki-bella-3341, alicia-fox-3889, jillian-hall-443, katarina-leigh-1791, maryse-3276, natalya-3322"
"2010-02-21","Elimination Chamber '10","chris-jericho-296, c-m-punk-467, johnny-impact-377, r-truth-317, rey-mysterio-351, the-undertaker-124","the-miz-412, mvp-457, layla-469, michelle-mccool-407, gail-kim-385, maryse-3276, drew-mcintyre-3409, kane-197, batista-357, john-cena-350, john-cena-350, kofi-kingston-3295, randy-orton-384, sheamus-5000, ted-dibiase-jr-3275, triple-h-193, christian-277, big-ryck-3443"
"2010-03-28","WrestleMania XXVI","the-undertaker-124, shawn-michaels-96","john-cena-350, batista-357, alicia-fox-3889, layla-469, maryse-3276, michelle-mccool-407, vickie-guerrero-3875, beth-phoenix-3244, eve-torres-3342, gail-kim-385, kelly-kelly-466, mickie-james-436, chris-jericho-296, edge-273, bret-hart-52, vince-mcmahon-278"
"2010-04-25","Extreme Rules '10","john-cena-350, batista-357","edge-273, chris-jericho-296, beth-phoenix-3244, michelle-mccool-407, sheamus-5000, triple-h-193, jack-swagger-3410, randy-orton-384, jtg-459, shad-gaspard-460, c-m-punk-467, rey-mysterio-351, harry-smith-2813, tyson-kidd-1814, the-big-show-283, the-miz-412, the-big-show-283, the-miz-412, mark-henry-213, mvp-457, the-big-show-283, the-miz-412, johnny-impact-377, r-truth-317, kofi-kingston-3295, dolph-ziggler-450"
"2010-05-23","Over the Limit '10","john-cena-350, batista-357","eve-torres-3342, maryse-3276, the-big-show-283, jack-swagger-3410"
"2010-06-20","Fatal 4-Way","sheamus-5000, edge-273, john-cena-350, randy-orton-384","harry-smith-2813, natalya-3322, tyson-kidd-1814, jey-uso-6302, jimmy-uso-6303, tamina-6310, the-miz-412, r-truth-317, rey-mysterio-351, c-m-punk-467, jack-swagger-3410, the-big-show-283"
"2010-07-18","Money in the Bank '10","sheamus-5000, john-cena-350","the-miz-412, chris-jericho-296, edge-273, matt-sydal-861, johnny-impact-377, mark-henry-213, randy-orton-384, ted-dibiase-jr-3275, layla-469, kelly-kelly-466, kane-197, rey-mysterio-351, rey-mysterio-351, jack-swagger-3410, harry-smith-2813, natalya-3322, tyson-kidd-1814, jey-uso-6302, jimmy-uso-6303, tamina-6310, alicia-fox-3889, eve-torres-3342, kane-197, christian-277, cody-2805, dolph-ziggler-450, drew-mcintyre-3409, kofi-kingston-3295, matt-hardy-288, the-big-show-283, santino-marella-3089, william-regal-316"
"2010-08-15","SummerSlam '10","bret-hart-52, chris-jericho-296, daniel-bryan-1741, edge-273, john-cena-350, johnny-impact-377, r-truth-317, darren-young-3424, david-otunga-6094, heath-slater-3407, pj-black-1471, michael-tarver-6095, the-big-guy-3020, king-barrett-6096","kane-197, rey-mysterio-351, randy-orton-384, sheamus-5000, the-big-show-283, c-m-punk-467, joey-matthews-423, luke-gallows-448, melina-431, alicia-fox-3889, dolph-ziggler-450, kofi-kingston-3295, matt-sydal-861, zack-ryder-3248"
"2010-09-19","Night of Champions '10","randy-orton-384, chris-jericho-296, edge-273, john-cena-350, sheamus-5000, king-barrett-6096","cody-2805, drew-mcintyre-3409, matt-sydal-861, mark-henry-213, matt-sydal-861, mark-henry-213, jey-uso-6302, jimmy-uso-6303, jey-uso-6302, jimmy-uso-6303, santino-marella-3089, vladimir-kozlov-3255, jey-uso-6302, jimmy-uso-6303, harry-smith-2813, tyson-kidd-1814, kane-197, the-undertaker-124, michelle-mccool-407, melina-431, daniel-bryan-1741, the-miz-412"
"2010-10-03","Hell in a Cell '10","kane-197, the-undertaker-124","natalya-3322, michelle-mccool-407"
"2010-10-24","Bragging Rights '10","king-barrett-6096, randy-orton-384","alberto-del-rio-2883, edge-273, jack-swagger-3410, kofi-kingston-3295, rey-mysterio-351, the-big-show-283, tyler-reks-5154, c-m-punk-467, big-ryck-3443, johnny-impact-377, r-truth-317, santino-marella-3089, sheamus-5000, the-miz-412, kane-197, the-undertaker-124, layla-469, natalya-3322"
"2010-11-21","Survivor Series '10","randy-orton-384, king-barrett-6096","heath-slater-3407, pj-black-1471, santino-marella-3089, vladimir-kozlov-3255, kane-197, edge-273, natalya-3322, layla-469, michelle-mccool-407, chris-masters-420, kofi-kingston-3295, mvp-457, rey-mysterio-351, the-big-show-283, alberto-del-rio-2883, cody-2805, drew-mcintyre-3409, jack-swagger-3410, tyler-reks-5154, dolph-ziggler-450, low-ki-751"
"2010-12-19","TLC: Tables, Ladders and Chairs '10","john-cena-350, king-barrett-6096","edge-273, alberto-del-rio-2883, kane-197, rey-mysterio-351, the-miz-412, randy-orton-384, johnny-impact-377, sheamus-5000, santino-marella-3089, vladimir-kozlov-3255, heath-slater-3407, pj-black-1471, beth-phoenix-3244, natalya-3322, layla-469, michelle-mccool-407, dolph-ziggler-450, jack-swagger-3410, kofi-kingston-3295, daniel-bryan-1741, ted-dibiase-jr-3275"
"2011-01-30","Royal Rumble '11","alberto-del-rio-2883, alex-riley-6292, booker-t-341, c-m-punk-467, chavo-guerrero-jr-356, chris-masters-420, daniel-bryan-1741, david-otunga-6094, kevin-nash-167, dolph-ziggler-450, drew-mcintyre-3409, big-ryck-3443, heath-slater-3407, swoggle-715, the-fiend-6287, jack-swagger-3410, john-cena-350, johnny-impact-377, jtg-459, pj-black-1471, kane-197, kofi-kingston-3295, mark-henry-213, mason-ryan-6440, curtis-axel-3847, r-truth-317, randy-orton-384, rey-mysterio-351, santino-marella-3089, sheamus-5000, ted-dibiase-jr-3275, the-big-show-283, the-great-khali-444, tyler-reks-5154, tyson-kidd-1814, vladimir-kozlov-3255, king-barrett-6096, william-regal-316, yoshi-tatsu-3031, zack-ryder-3248","eve-torres-3342, layla-469, michelle-mccool-407, natalya-3322, the-miz-412, randy-orton-384, edge-273, dolph-ziggler-450, r-truth-317, curt-hawkins-3247"
"2011-02-20","Elimination Chamber '11","john-cena-350, c-m-punk-467, johnny-impact-377, r-truth-317, randy-orton-384, sheamus-5000","the-miz-412, jerry-lawler-150, heath-slater-3407, pj-black-1471, santino-marella-3089, vladimir-kozlov-3255, edge-273, drew-mcintyre-3409, kane-197, rey-mysterio-351, the-big-show-283, king-barrett-6096"
"2011-04-03","WrestleMania XXVII","the-miz-412, john-cena-350","johnny-impact-377, nicole-snooki-polizzi-7199, trish-stratus-313, dolph-ziggler-450, layla-469, michelle-mccool-407, the-undertaker-124, triple-h-193, michael-cole-3882, jerry-lawler-150"
"2011-05-01","Extreme Rules '11","john-cena-350, johnny-impact-377, the-miz-412","kane-197, the-big-show-283, big-ryck-3443, king-barrett-6096, christian-277, alberto-del-rio-2883, layla-469, michelle-mccool-407, rey-mysterio-351, cody-2805, jack-swagger-3410, michael-cole-3882, jerry-lawler-150, jim-ross-387, kofi-kingston-3295, sheamus-5000, randy-orton-384, c-m-punk-467, carstico-2878, tyson-kidd-1814"
"2011-05-22","Over the Limit '11","john-cena-350, the-miz-412","jerry-lawler-150, michael-cole-3882, randy-orton-384, christian-277, brie-bella-3340, kelly-kelly-466, kane-197, the-big-show-283, c-m-punk-467, mason-ryan-6440"
"2011-06-19","Capitol Punishment '11","john-cena-350, r-truth-317",""
"2011-07-17","Money in the Bank '11","c-m-punk-467, john-cena-350","christian-277, randy-orton-384, alberto-del-rio-2883, alex-riley-6292, matt-sydal-861, jack-swagger-3410, kofi-kingston-3295, r-truth-317, rey-mysterio-351, the-miz-412"
"2011-08-14","SummerSlam '11","alberto-del-rio-2883, c-m-punk-467","c-m-punk-467, john-cena-350, randy-orton-384, christian-277"
"2011-09-18","Night of Champions '11","triple-h-193, c-m-punk-467","john-cena-350, alberto-del-rio-2883, kelly-kelly-466, beth-phoenix-3244, mark-henry-213, randy-orton-384, dolph-ziggler-450, alex-riley-6292, jack-swagger-3410, johnny-impact-377, cody-2805, ted-dibiase-jr-3275, matt-sydal-861, kofi-kingston-3295, r-truth-317, the-miz-412, daniel-bryan-1741, heath-slater-3407"
"2011-10-02","Hell in a Cell '11","alberto-del-rio-2883, c-m-punk-467, john-cena-350","beth-phoenix-3244, kelly-kelly-466, cody-2805, johnny-impact-377, mark-henry-213, randy-orton-384, matt-sydal-861, kofi-kingston-3295, dolph-ziggler-450, jack-swagger-3410"
"2011-10-23","Vengeance '11","alberto-del-rio-2883, john-cena-350","mark-henry-213, the-big-show-283"
"2011-11-20","Survivor Series '11","john-cena-350, the-rock-229, r-truth-317, the-miz-412","c-m-punk-467, alberto-del-rio-2883, the-big-show-283, mark-henry-213, cody-2805, dolph-ziggler-450, sin-cara-927, jack-swagger-3410, king-barrett-6096, kofi-kingston-3295, mason-ryan-6440, randy-orton-384, sheamus-5000, carstico-2878, beth-phoenix-3244, eve-torres-3342, dolph-ziggler-450, johnny-impact-377, santino-marella-3089, jinder-mahal-6724"
"2011-12-18","TLC: Tables, Ladders and Chairs '11","c-m-punk-467, alberto-del-rio-2883, the-miz-412","cody-2805, booker-t-341, daniel-bryan-1741, the-big-show-283, the-big-show-283, mark-henry-213"
"2012-01-29","Royal Rumble '12","sheamus-5000, alex-riley-6292, booker-t-341, chris-jericho-296, cody-2805, david-otunga-6094, dolph-ziggler-450, epico-3404, big-ryck-3443, sin-cara-927, jack-swagger-3410, jerry-lawler-150, jey-uso-6302, jim-duggan-83, jinder-mahal-6724, pj-black-1471, amazing-kong-3326, kofi-kingston-3295, michael-cole-3882, mick-foley-209, primo-3240, r-truth-317, randy-orton-384, ricardo-rodriguez-5647, road-dogg-192, santino-marella-3089, the-big-show-283, the-great-khali-444, the-miz-412, king-barrett-6096","c-m-punk-467, dolph-ziggler-450"
"2012-02-19","Elimination Chamber '12","john-cena-350, kane-197","jack-swagger-3410, pj-black-1471, daniel-bryan-1741, cody-2805, santino-marella-3089, the-big-show-283, the-great-khali-444, king-barrett-6096, beth-phoenix-3244, tamina-6310, c-m-punk-467, chris-jericho-296, dolph-ziggler-450, kofi-kingston-3295, r-truth-317, the-miz-412, sin-cara-927, alex-riley-6292"
"2012-04-01","WrestleMania XXVIII","the-rock-229, john-cena-350","c-m-punk-467, chris-jericho-296, david-otunga-6094, dolph-ziggler-450, drew-mcintyre-3409, jack-swagger-3410, mark-henry-213, the-miz-412, booker-t-341, kofi-kingston-3295, r-truth-317, santino-marella-3089, the-great-khali-444, zack-ryder-3248, the-undertaker-124, triple-h-193"
"2012-04-29","Extreme Rules '12","john-cena-350, brock-lesnar-346","layla-469, nikki-bella-3341, c-m-punk-467, chris-jericho-296, the-big-guy-3020, ace-hawkins-7712, heath-hatton-8816, sheamus-5000, daniel-bryan-1741, cody-2805, the-big-show-283"
"2012-05-20","Over the Limit '12","john-laurinaitis-540, john-cena-350",""
"2012-06-17","No Way Out '12","john-cena-350, the-big-show-283","the-big-guy-3020, danilo-anfibio-3454, john-silver-7300, c-m-punk-467, daniel-bryan-1741, kane-197"
"2012-07-15","Money in the Bank '12","john-cena-350, chris-jericho-296, kane-197, the-big-show-283, the-miz-412","kaitlyn-6593, layla-469, tamina-6310, beth-phoenix-3244, eve-torres-3342, natalya-3322, the-big-guy-3020, curt-hawkins-3247, tyler-reks-5154, c-m-punk-467, daniel-bryan-1741"
"2012-08-19","SummerSlam '12","brock-lesnar-346, triple-h-193","c-m-punk-467, john-cena-350, the-big-show-283, kofi-kingston-3295, r-truth-317, darren-young-3424, titus-o39neil-6290, sheamus-5000, alberto-del-rio-2883, the-miz-412, rey-mysterio-351"
"2012-09-16","Night of Champions '12","c-m-punk-467, john-cena-350","sheamus-5000, alberto-del-rio-2883, eve-torres-3342, layla-469"
"2012-10-28","Hell in a Cell '12","c-m-punk-467, the-big-guy-3020","eve-torres-3342, kaitlyn-6593, layla-469, the-big-show-283, sheamus-5000"
"2012-11-18","Survivor Series '12","c-m-punk-467, john-cena-350, the-big-guy-3020","alberto-del-rio-2883, aron-stevens-376, david-otunga-6094, dolph-ziggler-450, king-barrett-6096, daniel-bryan-1741, kane-197, kofi-kingston-3295, randy-orton-384, the-miz-412, sheamus-5000, the-big-show-283, cesaro-1874, r-truth-317, eve-torres-3342, kaitlyn-6593, tyrus-6631, pj-black-1471, rey-mysterio-351, carstico-2878, tyson-kidd-1814, darren-young-3424, epico-3404, primo-3240, matt-bloom-292, titus-o39neil-6290, heath-slater-3407, jinder-mahal-6724, santino-marella-3089, zack-ryder-3248"
"2012-12-16","TLC: Tables, Ladders and Chairs '12","dolph-ziggler-450, john-cena-350","alberto-del-rio-2883, steve-lombardi-381, the-miz-412, drew-mcintyre-3409, heath-slater-3407, jinder-mahal-6724, the-big-show-283, sheamus-5000, eve-torres-3342, naomi-6578, jon-moxley-3069, roman-reigns-6728, seth-rollins-3328, daniel-bryan-1741, kane-197, the-big-guy-3020, kofi-kingston-3295, king-barrett-6096, cesaro-1874, r-truth-317, cody-2805, aron-stevens-376, rey-mysterio-351, carstico-2878, naomi-6578, aksana-6581, alicia-fox-3889, cameron-8160, kaitlyn-6593, layla-469, natalya-3322, rosa-mendes-3952, tamina-6310, jtg-459, david-otunga-6094"
"2013-01-27","Royal Rumble '13","the-rock-229, c-m-punk-467","john-cena-350, cesaro-1874, bo-dallas-6435, tyrus-6631, chris-jericho-296, cody-2805, aron-stevens-376, daniel-bryan-1741, darren-young-3424, david-otunga-6094, dolph-ziggler-450, drew-mcintyre-3409, dustin-rhodes-123, heath-slater-3407, jinder-mahal-6724, kane-197, kofi-kingston-3295, randy-orton-384, rey-mysterio-351, the-big-guy-3020, santino-marella-3089, sheamus-5000, carstico-2878, matt-bloom-292, the-godfather-142, the-great-khali-444, the-miz-412, titus-o39neil-6290, king-barrett-6096, zack-ryder-3248, daniel-bryan-1741, kane-197, cody-2805, aron-stevens-376, alberto-del-rio-2883, the-big-show-283, cesaro-1874, the-miz-412"
"2013-02-17","Elimination Chamber '13","the-rock-229, c-m-punk-467","kaitlyn-6593, tamina-6310"
"2013-04-07","WrestleMania 29","john-cena-350, the-rock-229","triple-h-193, brock-lesnar-346"
"2013-05-19","Extreme Rules '13","brock-lesnar-346, triple-h-193","john-cena-350, the-big-guy-3020, randy-orton-384, the-big-show-283, roman-reigns-6728, seth-rollins-3328, daniel-bryan-1741, kane-197, alberto-del-rio-2883, jack-swagger-3410, sheamus-5000, mark-henry-213, jon-moxley-3069, kofi-kingston-3295"
"2013-06-16","Payback '13","john-cena-350, the-big-guy-3020","roman-reigns-6728, seth-rollins-3328, daniel-bryan-1741, randy-orton-384"
"2013-07-14","Money in the Bank '13","randy-orton-384, c-m-punk-467, christian-277, daniel-bryan-1741, rob-van-dam-338, sheamus-5000","john-cena-350, mark-henry-213, alberto-del-rio-2883, dolph-ziggler-450"
"2013-08-18","SummerSlam '13","randy-orton-384, daniel-bryan-1741","daniel-bryan-1741, john-cena-350"
"2013-09-15","Night of Champions '13","daniel-bryan-1741, randy-orton-384","roman-reigns-6728, seth-rollins-3328, darren-young-3424, titus-o39neil-6290, jon-moxley-3069, dolph-ziggler-450, curtis-axel-3847, paul-heyman-347, c-m-punk-467"
"2013-10-06","Battleground '13","daniel-bryan-1741, randy-orton-384",""
"2013-10-27","Hell in a Cell '13","randy-orton-384, daniel-bryan-1741","aj-lee-6580, brie-bella-3340, john-cena-350, alberto-del-rio-2883"
"2013-11-24","Survivor Series '13","randy-orton-384, the-big-show-283",""